{"train/loss": 0.3433, "train/grad_norm": 1.8356810808181763, "train/learning_rate": 6e-06, "train/epoch": 0.021606049693914296, "train/global_step": 60, "_timestamp": 1728552744.0214322, "_runtime": 167.97500109672546, "_step": 5}