{"train/loss": 0.693, "train/grad_norm": 6.229866027832031, "train/learning_rate": 1.0000000000000002e-06, "train/epoch": 0.0036010082823190494, "train/global_step": 10, "_timestamp": 1728552375.6454852, "_runtime": 11021.819914102554, "_step": 2}